age,62,size,"2,097166",IQ,83,weight,100
age,41,size,"1,299495",IQ,67,weight,68
age,61,size,"1,981413",IQ,114,weight,90
age,42,size,"1,744265",IQ,80,weight,105
age,21,size,"1,306891",IQ,105,weight,75
age,28,size,"1,311281",IQ,111,weight,116
age,43,size,"1,771286",IQ,69,weight,97
age,44,size,"2,092186",IQ,56,weight,60
age,37,size,"1,894722",IQ,118,weight,61
age,68,size,"1,587259",IQ,68,weight,65
age,48,size,"1,835428",IQ,56,weight,59
age,43,size,"1,744538",IQ,66,weight,63
age,55,size,"1,665002",IQ,77,weight,54
age,59,size,"1,249942",IQ,108,weight,83
age,66,size,"1,544475",IQ,117,weight,107
age,20,size,"1,230097",IQ,116,weight,78
age,29,size,"1,94685",IQ,61,weight,118
age,46,size,"1,573578",IQ,63,weight,73
age,37,size,"1,410547",IQ,84,weight,103
age,26,size,"1,381261",IQ,52,weight,114
age,35,size,"1,647334",IQ,58,weight,78
age,64,size,"1,267639",IQ,104,weight,54
age,47,size,"1,941535",IQ,59,weight,81
age,35,size,"1,830804",IQ,113,weight,58
age,41,size,"1,512272",IQ,76,weight,104
age,24,size,"1,577751",IQ,58,weight,92
age,47,size,"1,49421",IQ,102,weight,66
age,60,size,"1,293204",IQ,99,weight,83
age,19,size,"1,444027",IQ,114,weight,62
age,31,size,"1,216692",IQ,99,weight,73
age,18,size,"2,099568",IQ,70,weight,61
age,43,size,"1,329578",IQ,95,weight,67
age,44,size,"1,79841",IQ,79,weight,106
age,63,size,"1,728628",IQ,100,weight,63
age,23,size,"2,061602",IQ,101,weight,90
age,31,size,"1,787077",IQ,62,weight,56
age,51,size,"1,975517",IQ,77,weight,51
age,20,size,"1,988909",IQ,96,weight,113
age,41,size,"1,784948",IQ,101,weight,112
age,63,size,"1,420067",IQ,53,weight,55
age,54,size,"1,35136",IQ,69,weight,97
age,60,size,"1,693124",IQ,81,weight,114
age,38,size,"1,884099",IQ,89,weight,92
age,68,size,"1,72894",IQ,58,weight,111
age,66,size,"1,771796",IQ,64,weight,78
age,28,size,"1,873183",IQ,91,weight,59
age,63,size,"1,611129",IQ,61,weight,96
age,67,size,"1,279995",IQ,76,weight,83
age,30,size,"1,416416",IQ,53,weight,64
age,57,size,"1,214288",IQ,56,weight,52
age,32,size,"1,219779",IQ,83,weight,63
age,24,size,"1,52283",IQ,53,weight,75
age,51,size,"1,731209",IQ,102,weight,58
age,63,size,"1,671834",IQ,71,weight,104
age,37,size,"2,075051",IQ,116,weight,91
age,26,size,"1,691873",IQ,62,weight,104
age,50,size,"1,337781",IQ,84,weight,102
age,31,size,"1,759551",IQ,108,weight,62
age,46,size,"1,9841",IQ,85,weight,88
age,36,size,"1,202635",IQ,79,weight,116
age,18,size,"1,417798",IQ,101,weight,52
age,54,size,"1,952216",IQ,57,weight,99
age,35,size,"1,523143",IQ,86,weight,97
age,19,size,"2,062258",IQ,65,weight,107
age,33,size,"1,446134",IQ,61,weight,105
age,25,size,"1,342307",IQ,93,weight,117
age,60,size,"1,786084",IQ,96,weight,78
age,33,size,"1,822715",IQ,71,weight,72
age,57,size,"1,871779",IQ,91,weight,58
age,60,size,"2,013228",IQ,82,weight,87
age,44,size,"1,286487",IQ,93,weight,58
age,52,size,"1,46273",IQ,108,weight,50
age,54,size,"1,805446",IQ,88,weight,119
age,51,size,"1,213177",IQ,81,weight,103
age,61,size,"1,535606",IQ,118,weight,80
age,61,size,"1,991431",IQ,108,weight,96
age,18,size,"1,74035",IQ,107,weight,72
age,57,size,"1,225069",IQ,101,weight,100
age,41,size,"2,029488",IQ,80,weight,108
age,38,size,"1,625945",IQ,118,weight,69
age,57,size,"1,944695",IQ,51,weight,59
age,68,size,"1,736464",IQ,95,weight,111
age,49,size,"1,622441",IQ,64,weight,90
age,27,size,"1,870399",IQ,53,weight,72
age,25,size,"2,042559",IQ,99,weight,91
age,29,size,"2,045388",IQ,82,weight,90
age,64,size,"2,031743",IQ,73,weight,84
age,38,size,"1,467563",IQ,99,weight,86
age,68,size,"1,985344",IQ,72,weight,113
age,54,size,"1,797551",IQ,115,weight,78
age,41,size,"1,786753",IQ,97,weight,69
age,46,size,"2,031052",IQ,95,weight,89
age,46,size,"1,622461",IQ,63,weight,55
age,58,size,"1,478772",IQ,84,weight,93
age,63,size,"1,478848",IQ,100,weight,94
age,43,size,"1,364739",IQ,108,weight,56
age,37,size,"1,828298",IQ,70,weight,96
age,58,size,"1,222306",IQ,92,weight,76
age,43,size,"1,66028",IQ,89,weight,84
age,32,size,"1,870505",IQ,54,weight,111
age,65,size,"1,610771",IQ,62,weight,66
age,34,size,"1,510866",IQ,118,weight,110
age,58,size,"1,666807",IQ,93,weight,68
age,33,size,"1,737024",IQ,108,weight,107
age,23,size,"1,928876",IQ,95,weight,76
age,62,size,"1,820174",IQ,93,weight,64
age,29,size,"2,044792",IQ,61,weight,95
age,37,size,"1,73826",IQ,54,weight,90
age,47,size,"1,791122",IQ,91,weight,72
age,58,size,"1,566254",IQ,70,weight,103
age,50,size,"1,924435",IQ,92,weight,98
age,65,size,"1,931576",IQ,95,weight,72
age,53,size,"1,993225",IQ,90,weight,74
age,43,size,"1,448358",IQ,111,weight,74
age,25,size,"2,015514",IQ,70,weight,80
age,26,size,"1,501101",IQ,96,weight,61
age,28,size,"1,496818",IQ,118,weight,78
age,46,size,"1,658394",IQ,88,weight,75
age,46,size,"1,384882",IQ,66,weight,71
age,51,size,"1,918294",IQ,104,weight,100
age,23,size,"1,972647",IQ,51,weight,50
age,29,size,"1,5668",IQ,60,weight,75
age,40,size,"1,426338",IQ,92,weight,80
age,52,size,"1,635996",IQ,98,weight,69
age,46,size,"1,637672",IQ,96,weight,118
age,43,size,"1,804738",IQ,85,weight,73
age,28,size,"1,528342",IQ,86,weight,68
age,21,size,"1,93697",IQ,72,weight,56
age,33,size,"1,673041",IQ,93,weight,89
age,41,size,"1,644498",IQ,97,weight,54
age,23,size,"1,207551",IQ,107,weight,53
age,58,size,"1,501634",IQ,55,weight,76
age,46,size,"2,094621",IQ,92,weight,112
age,62,size,"1,352865",IQ,116,weight,113
age,21,size,"1,836634",IQ,84,weight,53
age,26,size,"1,429686",IQ,84,weight,87
age,51,size,"1,969839",IQ,57,weight,90
age,33,size,"1,290827",IQ,109,weight,108
age,57,size,"1,870859",IQ,78,weight,116
age,65,size,"1,207413",IQ,118,weight,104
age,41,size,"1,520061",IQ,97,weight,63
age,66,size,"2,093769",IQ,54,weight,103
age,33,size,"1,721888",IQ,74,weight,73
age,52,size,"1,630388",IQ,69,weight,57
age,44,size,"1,52625",IQ,53,weight,114
age,39,size,"1,767172",IQ,105,weight,74
age,43,size,"2,018924",IQ,52,weight,73
age,19,size,"1,346786",IQ,89,weight,118
age,18,size,"1,696313",IQ,77,weight,97
age,30,size,"1,832982",IQ,108,weight,106
age,22,size,"1,676329",IQ,82,weight,84
age,49,size,"1,823629",IQ,119,weight,119
age,27,size,"1,227891",IQ,84,weight,58
age,63,size,"1,930533",IQ,78,weight,53
age,68,size,"1,246578",IQ,101,weight,51
age,67,size,"1,490354",IQ,89,weight,83
age,26,size,"1,939935",IQ,93,weight,107
age,48,size,"1,950629",IQ,61,weight,96
age,43,size,"1,298997",IQ,51,weight,95
age,34,size,"1,458248",IQ,73,weight,101
age,23,size,"1,668651",IQ,102,weight,50
age,53,size,"1,726887",IQ,51,weight,103
age,48,size,"2,057424",IQ,85,weight,54
age,41,size,"2,018565",IQ,119,weight,100
age,61,size,"1,344788",IQ,110,weight,89
age,45,size,"1,566504",IQ,58,weight,59
age,65,size,"1,78235",IQ,81,weight,113
age,26,size,"1,739625",IQ,71,weight,107
age,58,size,"1,808393",IQ,116,weight,52
age,59,size,"1,296984",IQ,115,weight,118
age,62,size,"1,5162",IQ,69,weight,104
age,68,size,"1,88165",IQ,84,weight,88
age,42,size,"1,699067",IQ,103,weight,75
age,47,size,"1,807549",IQ,53,weight,108
age,29,size,"1,365763",IQ,94,weight,67
age,35,size,"1,303784",IQ,75,weight,78
age,54,size,"1,62915",IQ,76,weight,69
age,38,size,"1,994352",IQ,61,weight,54
age,18,size,"1,708632",IQ,119,weight,64
age,59,size,"2,084278",IQ,62,weight,104
age,43,size,"1,517631",IQ,85,weight,89
age,61,size,"1,837969",IQ,55,weight,116
age,60,size,"2,085205",IQ,105,weight,70
age,53,size,"1,299186",IQ,56,weight,93
age,65,size,"1,493406",IQ,104,weight,82
age,40,size,"1,834642",IQ,66,weight,83
age,21,size,"1,66441",IQ,90,weight,86
age,36,size,"1,678942",IQ,115,weight,73
age,46,size,"1,857686",IQ,62,weight,96
age,24,size,"1,983752",IQ,69,weight,90
age,62,size,"1,950024",IQ,50,weight,55
age,49,size,"1,626552",IQ,50,weight,107
age,34,size,"2,062899",IQ,119,weight,105
age,54,size,"1,603267",IQ,102,weight,119
age,38,size,"1,227825",IQ,56,weight,79
age,64,size,"1,565736",IQ,113,weight,69
age,40,size,"1,853146",IQ,68,weight,68
age,27,size,"2,062022",IQ,85,weight,61
age,67,size,"1,307599",IQ,91,weight,85
age,65,size,"2,00018",IQ,70,weight,96
age,55,size,"2,003499",IQ,113,weight,95
age,36,size,"1,293582",IQ,119,weight,76
age,62,size,"1,741462",IQ,98,weight,101
age,22,size,"1,523967",IQ,103,weight,65
age,38,size,"1,379304",IQ,99,weight,85
age,34,size,"1,683888",IQ,97,weight,112
age,45,size,"1,980149",IQ,61,weight,75
age,66,size,"1,711182",IQ,64,weight,88
age,44,size,"1,681621",IQ,73,weight,67
age,58,size,"1,952617",IQ,113,weight,62
age,62,size,"1,867901",IQ,78,weight,76
age,63,size,"1,417433",IQ,92,weight,106
age,69,size,"1,276601",IQ,101,weight,88
age,39,size,"1,866372",IQ,114,weight,77
age,47,size,"1,322198",IQ,59,weight,97
age,43,size,"1,592913",IQ,75,weight,66
age,40,size,"1,72533",IQ,55,weight,72
age,26,size,"1,644577",IQ,84,weight,113
age,38,size,"1,283571",IQ,105,weight,50
age,60,size,"1,657923",IQ,118,weight,107
age,63,size,"1,263879",IQ,98,weight,102
age,56,size,"1,762019",IQ,91,weight,71
age,38,size,"1,590732",IQ,109,weight,51
age,64,size,"1,289552",IQ,55,weight,101
age,53,size,"1,647392",IQ,77,weight,111
age,22,size,"1,573318",IQ,76,weight,107
age,37,size,"1,91346",IQ,67,weight,116
age,38,size,"2,051219",IQ,82,weight,103
age,67,size,"2,076789",IQ,80,weight,83
age,63,size,"1,734344",IQ,83,weight,110
age,48,size,"1,700642",IQ,64,weight,101
age,40,size,"1,848029",IQ,66,weight,54
age,33,size,"1,412297",IQ,95,weight,54
age,19,size,"1,332277",IQ,90,weight,63
age,37,size,"1,216506",IQ,61,weight,107
age,51,size,"1,866701",IQ,107,weight,104
age,67,size,"1,408078",IQ,52,weight,108
age,21,size,"1,637121",IQ,117,weight,82
age,42,size,"1,372002",IQ,116,weight,98
age,24,size,"1,643852",IQ,87,weight,107
age,60,size,"1,732445",IQ,114,weight,62
age,53,size,"1,949498",IQ,79,weight,93
age,42,size,"1,292084",IQ,83,weight,99
age,41,size,"1,713683",IQ,61,weight,91
age,66,size,"1,3974",IQ,106,weight,76
age,23,size,"1,559211",IQ,101,weight,51
age,42,size,"1,781187",IQ,72,weight,53
age,52,size,"1,990322",IQ,64,weight,63
age,36,size,"1,860835",IQ,109,weight,82
age,38,size,"1,936172",IQ,114,weight,76
age,56,size,"2,066292",IQ,116,weight,71
age,42,size,"1,851882",IQ,64,weight,75
age,57,size,"1,334826",IQ,116,weight,99
age,59,size,"1,658811",IQ,68,weight,108
age,69,size,"1,248929",IQ,103,weight,113
age,67,size,"1,424475",IQ,93,weight,70
age,20,size,"1,490636",IQ,103,weight,77
age,58,size,"1,735155",IQ,94,weight,111
age,60,size,"1,470551",IQ,113,weight,97
age,21,size,"1,270559",IQ,65,weight,100
age,28,size,"1,440176",IQ,71,weight,92
age,19,size,"1,346264",IQ,54,weight,65
age,63,size,"1,751144",IQ,86,weight,69
age,51,size,"1,37599",IQ,103,weight,76
age,32,size,"1,564426",IQ,75,weight,82
age,47,size,"1,547648",IQ,114,weight,108
age,69,size,"1,910423",IQ,56,weight,109
age,41,size,"1,438064",IQ,91,weight,66
age,30,size,"1,831727",IQ,88,weight,72
age,52,size,"2,08851",IQ,81,weight,92
age,25,size,"1,445965",IQ,66,weight,98
age,32,size,"1,916296",IQ,96,weight,66
age,42,size,"1,625843",IQ,73,weight,59
age,28,size,"1,223708",IQ,115,weight,114
age,47,size,"1,86446",IQ,100,weight,101
age,69,size,"1,736259",IQ,79,weight,117
age,31,size,"1,355831",IQ,67,weight,104
age,55,size,"1,471802",IQ,79,weight,93
age,38,size,"1,388589",IQ,88,weight,116
age,25,size,"1,500586",IQ,54,weight,97
age,60,size,"1,322707",IQ,70,weight,110
age,65,size,"1,510029",IQ,50,weight,105
age,51,size,"1,462633",IQ,61,weight,68
age,41,size,"1,320545",IQ,52,weight,50
age,57,size,"1,263266",IQ,103,weight,91
age,67,size,"2,020163",IQ,91,weight,61
age,47,size,"1,84684",IQ,90,weight,64
age,52,size,"1,872163",IQ,70,weight,114
age,34,size,"1,428066",IQ,117,weight,57
age,64,size,"1,442115",IQ,77,weight,53
age,54,size,"1,537328",IQ,98,weight,69
age,34,size,"1,491426",IQ,52,weight,88
age,55,size,"1,230501",IQ,86,weight,51
age,46,size,"2,02062",IQ,62,weight,95
age,45,size,"1,352997",IQ,81,weight,67
age,32,size,"1,291474",IQ,65,weight,89
age,65,size,"1,332701",IQ,86,weight,101
age,21,size,"1,707787",IQ,109,weight,57
age,52,size,"1,913344",IQ,105,weight,102
age,55,size,"1,698796",IQ,59,weight,108
age,57,size,"1,580737",IQ,112,weight,72
age,29,size,"2,039241",IQ,111,weight,60
age,58,size,"1,415536",IQ,76,weight,69
age,25,size,"1,330527",IQ,116,weight,69
age,64,size,"1,236835",IQ,68,weight,87
age,29,size,"1,290085",IQ,57,weight,82
age,45,size,"1,519288",IQ,87,weight,52
age,57,size,"1,859281",IQ,83,weight,76
age,26,size,"1,26178",IQ,98,weight,64
age,63,size,"1,465534",IQ,80,weight,79
age,49,size,"1,301782",IQ,89,weight,52
age,47,size,"1,227191",IQ,97,weight,100
age,47,size,"1,349693",IQ,87,weight,77
age,64,size,"2,077539",IQ,50,weight,109
age,66,size,"1,75907",IQ,88,weight,66
age,64,size,"1,391115",IQ,56,weight,108
age,52,size,"1,345176",IQ,51,weight,118
age,31,size,"1,254522",IQ,99,weight,91
age,67,size,"2,019012",IQ,54,weight,106
age,60,size,"1,318264",IQ,96,weight,76
age,41,size,"1,744606",IQ,63,weight,88
age,41,size,"1,439502",IQ,71,weight,55
age,29,size,"1,899179",IQ,98,weight,90
age,49,size,"1,299077",IQ,93,weight,90
age,57,size,"1,701425",IQ,92,weight,52
age,28,size,"1,934587",IQ,110,weight,82
age,45,size,"1,887005",IQ,53,weight,81
age,27,size,"1,667727",IQ,118,weight,97
age,26,size,"1,455666",IQ,73,weight,85
age,51,size,"1,886681",IQ,116,weight,96
age,65,size,"1,578669",IQ,80,weight,100
age,34,size,"1,348477",IQ,71,weight,115
age,55,size,"2,03808",IQ,92,weight,92
age,43,size,"1,886391",IQ,79,weight,71
age,43,size,"1,50242",IQ,88,weight,110
age,61,size,"1,370462",IQ,83,weight,89
age,63,size,"1,493799",IQ,103,weight,59
age,48,size,"1,961959",IQ,83,weight,63
age,56,size,"1,539913",IQ,113,weight,105
age,40,size,"2,091877",IQ,104,weight,100
age,19,size,"1,371434",IQ,104,weight,98
age,69,size,"1,27213",IQ,97,weight,91
age,50,size,"1,79568",IQ,69,weight,102
age,44,size,"1,659469",IQ,82,weight,108
age,26,size,"1,670095",IQ,84,weight,113
age,64,size,"1,670787",IQ,53,weight,91
age,19,size,"1,539201",IQ,90,weight,113
age,47,size,"1,36481",IQ,62,weight,104
age,64,size,"1,776687",IQ,113,weight,99
age,54,size,"1,463431",IQ,81,weight,107
age,68,size,"1,470662",IQ,78,weight,113
age,63,size,"2,065573",IQ,108,weight,74
age,36,size,"1,39681",IQ,65,weight,50
age,27,size,"1,398276",IQ,56,weight,100
age,69,size,"1,289209",IQ,85,weight,119
age,42,size,"1,366543",IQ,50,weight,57
age,58,size,"1,634308",IQ,70,weight,118
age,50,size,"2,029543",IQ,97,weight,68
age,37,size,"1,971044",IQ,53,weight,70
age,52,size,"1,450496",IQ,102,weight,80
age,22,size,"2,088677",IQ,68,weight,99
age,60,size,"1,304697",IQ,103,weight,63
age,66,size,"1,390291",IQ,109,weight,99
age,64,size,"1,653811",IQ,86,weight,89
age,33,size,"1,767554",IQ,76,weight,77
age,21,size,"1,94694",IQ,61,weight,68
age,59,size,"1,947224",IQ,55,weight,95
age,52,size,"1,968675",IQ,105,weight,118
age,50,size,"1,849213",IQ,97,weight,77
age,20,size,"1,629107",IQ,108,weight,92
age,51,size,"1,600767",IQ,60,weight,87
age,54,size,"1,372719",IQ,88,weight,98
age,35,size,"2,010131",IQ,116,weight,79
age,41,size,"1,861988",IQ,88,weight,98
age,69,size,"1,273847",IQ,87,weight,98
age,60,size,"1,823717",IQ,60,weight,116
age,18,size,"1,407103",IQ,64,weight,53
age,64,size,"1,230702",IQ,77,weight,65
age,36,size,"1,996591",IQ,118,weight,115
age,63,size,"1,846868",IQ,59,weight,70
age,52,size,"1,892606",IQ,72,weight,54
age,45,size,"1,749122",IQ,81,weight,74
age,40,size,"2,018852",IQ,52,weight,110
age,56,size,"1,213256",IQ,91,weight,57
age,54,size,"1,853729",IQ,93,weight,107
age,44,size,"1,734731",IQ,69,weight,117
age,42,size,"1,210448",IQ,80,weight,84
age,59,size,"1,972822",IQ,117,weight,101
age,18,size,"1,869524",IQ,67,weight,64
age,43,size,"1,755585",IQ,94,weight,111
age,29,size,"1,535516",IQ,104,weight,119
age,69,size,"1,308235",IQ,87,weight,104
age,55,size,"1,220019",IQ,117,weight,110
age,21,size,"1,592344",IQ,59,weight,87
age,53,size,"1,934124",IQ,80,weight,89
age,32,size,"1,694737",IQ,88,weight,86
age,69,size,"1,226733",IQ,118,weight,60
age,46,size,"1,854648",IQ,65,weight,81
age,55,size,"1,711557",IQ,96,weight,83
age,25,size,"1,448392",IQ,110,weight,74
age,58,size,"2,085341",IQ,65,weight,85
age,59,size,"1,635253",IQ,90,weight,73
age,53,size,"1,299903",IQ,56,weight,93
age,61,size,"2,089382",IQ,104,weight,51
age,44,size,"1,544797",IQ,108,weight,67
age,45,size,"1,220508",IQ,115,weight,104
age,40,size,"2,071506",IQ,52,weight,65
age,52,size,"1,599291",IQ,71,weight,117
age,55,size,"2,094501",IQ,78,weight,113
age,26,size,"1,745166",IQ,111,weight,54
age,20,size,"1,388894",IQ,104,weight,50
age,42,size,"1,876663",IQ,68,weight,62
age,48,size,"1,643519",IQ,105,weight,51
age,62,size,"1,480289",IQ,79,weight,94
age,37,size,"1,229322",IQ,103,weight,66
age,21,size,"1,562301",IQ,106,weight,51
age,48,size,"1,407867",IQ,85,weight,55
age,48,size,"1,674642",IQ,86,weight,63
age,58,size,"1,706931",IQ,55,weight,81
age,55,size,"1,513048",IQ,61,weight,56
age,39,size,"2,085513",IQ,81,weight,97
age,25,size,"1,834044",IQ,61,weight,78
age,40,size,"1,382679",IQ,98,weight,115
age,60,size,"1,380084",IQ,60,weight,78
age,40,size,"2,011109",IQ,60,weight,85
age,36,size,"1,690793",IQ,119,weight,102
age,42,size,"1,464719",IQ,112,weight,56
age,59,size,"1,229456",IQ,97,weight,114
age,22,size,"1,405877",IQ,66,weight,73
age,65,size,"1,634469",IQ,108,weight,78
age,29,size,"1,741119",IQ,111,weight,63
age,56,size,"1,624918",IQ,64,weight,76
age,56,size,"1,675043",IQ,77,weight,101
age,55,size,"1,961012",IQ,72,weight,74
age,46,size,"1,741814",IQ,81,weight,67
age,65,size,"1,889502",IQ,76,weight,62
age,22,size,"1,520056",IQ,104,weight,116
age,23,size,"2,082061",IQ,104,weight,67
age,51,size,"1,431567",IQ,99,weight,89
age,19,size,"1,911922",IQ,59,weight,102
age,64,size,"1,560995",IQ,116,weight,90
age,48,size,"1,20824",IQ,89,weight,108
age,32,size,"1,469183",IQ,90,weight,79
age,58,size,"1,297396",IQ,98,weight,80
age,44,size,"1,751378",IQ,85,weight,78
age,22,size,"2,028769",IQ,92,weight,82
age,60,size,"1,524226",IQ,108,weight,62
age,33,size,"1,789773",IQ,94,weight,60
age,22,size,"1,88149",IQ,110,weight,100
age,51,size,"1,827447",IQ,73,weight,67
age,21,size,"2,00537",IQ,74,weight,103
age,32,size,"1,876273",IQ,111,weight,60
age,36,size,"1,551032",IQ,75,weight,119
age,53,size,"1,371336",IQ,110,weight,58
age,66,size,"1,648308",IQ,111,weight,91
age,51,size,"1,586899",IQ,68,weight,53
age,35,size,"1,999946",IQ,96,weight,70
age,49,size,"1,891375",IQ,99,weight,98
age,46,size,"1,476633",IQ,57,weight,63
age,38,size,"1,907076",IQ,103,weight,58
age,56,size,"1,628164",IQ,65,weight,104
age,51,size,"1,996718",IQ,94,weight,111
age,23,size,"1,891133",IQ,61,weight,86
age,33,size,"1,268944",IQ,108,weight,77
age,60,size,"1,970495",IQ,108,weight,59
age,40,size,"1,277338",IQ,89,weight,74
age,40,size,"1,750905",IQ,84,weight,111
age,51,size,"1,600773",IQ,78,weight,51
age,63,size,"1,25034",IQ,63,weight,91
age,23,size,"1,258183",IQ,51,weight,80
age,22,size,"1,682264",IQ,92,weight,57
age,60,size,"1,2509",IQ,52,weight,52
age,19,size,"1,249012",IQ,96,weight,92
age,42,size,"1,649035",IQ,105,weight,118
age,58,size,"1,261492",IQ,99,weight,62
age,31,size,"1,48188",IQ,115,weight,65
age,19,size,"2,035165",IQ,81,weight,114
age,52,size,"1,836495",IQ,61,weight,57
age,18,size,"1,546062",IQ,76,weight,85
age,27,size,"2,035",IQ,71,weight,84
age,24,size,"1,664254",IQ,72,weight,85
age,37,size,"2,074034",IQ,50,weight,105
age,31,size,"1,669201",IQ,87,weight,66
age,63,size,"1,742755",IQ,67,weight,117
age,42,size,"1,506681",IQ,115,weight,107
age,47,size,"1,731787",IQ,72,weight,103
age,50,size,"1,36517",IQ,85,weight,74
age,51,size,"1,533034",IQ,75,weight,94
age,55,size,"1,807475",IQ,77,weight,65
age,51,size,"1,683871",IQ,117,weight,118
age,65,size,"1,949599",IQ,101,weight,73
age,48,size,"1,396559",IQ,90,weight,105
age,58,size,"1,527031",IQ,112,weight,100
age,30,size,"1,648938",IQ,96,weight,91
age,32,size,"1,853136",IQ,87,weight,66
age,22,size,"1,287059",IQ,57,weight,57
age,45,size,"1,79672",IQ,101,weight,102
age,65,size,"1,895323",IQ,75,weight,119
age,27,size,"1,566246",IQ,109,weight,56
age,22,size,"1,267305",IQ,56,weight,101
age,63,size,"1,956281",IQ,83,weight,115
age,66,size,"1,336888",IQ,114,weight,58
age,28,size,"1,767072",IQ,93,weight,55
age,40,size,"1,724697",IQ,57,weight,80
age,24,size,"1,381331",IQ,117,weight,99
age,61,size,"1,900581",IQ,75,weight,51
age,41,size,"1,766275",IQ,66,weight,114
age,32,size,"1,466398",IQ,90,weight,79
age,59,size,"1,308892",IQ,112,weight,73
age,42,size,"1,490877",IQ,67,weight,115
age,32,size,"1,312923",IQ,117,weight,107
age,65,size,"2,033092",IQ,67,weight,115
age,57,size,"2,098363",IQ,55,weight,95
age,36,size,"1,867654",IQ,75,weight,97
age,55,size,"1,270793",IQ,117,weight,101
age,55,size,"1,81247",IQ,80,weight,56
age,62,size,"1,903612",IQ,65,weight,97
age,42,size,"1,920624",IQ,103,weight,92
age,38,size,"1,792227",IQ,115,weight,104
age,22,size,"1,410692",IQ,53,weight,103
age,47,size,"1,946579",IQ,80,weight,110
age,52,size,"1,755203",IQ,82,weight,91
age,63,size,"1,415831",IQ,112,weight,84
age,31,size,"2,060193",IQ,80,weight,75
age,57,size,"1,922763",IQ,69,weight,60
age,43,size,"1,362168",IQ,54,weight,80
age,20,size,"1,60001",IQ,111,weight,64
age,43,size,"2,02761",IQ,71,weight,61
age,49,size,"2,01854",IQ,114,weight,56
age,60,size,"1,548251",IQ,94,weight,70
age,38,size,"1,818468",IQ,93,weight,81
age,42,size,"1,910364",IQ,84,weight,92
age,42,size,"1,472453",IQ,65,weight,54
age,66,size,"1,688861",IQ,100,weight,110
age,29,size,"1,960709",IQ,76,weight,71
age,33,size,"1,245901",IQ,86,weight,105
age,22,size,"1,383872",IQ,89,weight,61
age,68,size,"1,632281",IQ,102,weight,81
age,37,size,"1,988084",IQ,97,weight,57
age,62,size,"1,724222",IQ,78,weight,87
age,22,size,"1,842731",IQ,73,weight,100
age,58,size,"1,248079",IQ,56,weight,111
age,59,size,"1,204407",IQ,104,weight,116
age,64,size,"1,716997",IQ,98,weight,60
age,44,size,"1,682553",IQ,73,weight,54
age,46,size,"1,555205",IQ,116,weight,113
age,57,size,"1,576961",IQ,52,weight,64
age,27,size,"1,964447",IQ,109,weight,114
age,30,size,"1,773181",IQ,103,weight,64
age,50,size,"1,34307",IQ,65,weight,97
age,29,size,"1,884833",IQ,55,weight,77
age,27,size,"1,305069",IQ,77,weight,64
age,55,size,"1,574083",IQ,100,weight,112
age,29,size,"1,610456",IQ,85,weight,112
age,42,size,"1,301778",IQ,56,weight,101
age,48,size,"1,713544",IQ,90,weight,86
age,54,size,"1,409709",IQ,112,weight,112
age,69,size,"1,375924",IQ,107,weight,119
age,66,size,"1,383658",IQ,52,weight,93
age,44,size,"1,867516",IQ,80,weight,115
age,51,size,"1,278948",IQ,79,weight,65
age,37,size,"1,356063",IQ,61,weight,75
age,41,size,"1,270351",IQ,112,weight,119
age,47,size,"1,490884",IQ,87,weight,107
age,39,size,"2,077665",IQ,65,weight,58
age,56,size,"1,813386",IQ,53,weight,75
age,30,size,"1,321398",IQ,67,weight,87
age,33,size,"1,994406",IQ,64,weight,104
age,36,size,"2,07536",IQ,105,weight,109
age,42,size,"2,061855",IQ,60,weight,81
age,21,size,"1,372785",IQ,97,weight,71
age,58,size,"1,519814",IQ,74,weight,113
age,35,size,"1,436278",IQ,115,weight,94
age,21,size,"1,241294",IQ,97,weight,84
age,44,size,"2,001726",IQ,112,weight,66
age,53,size,"1,293447",IQ,81,weight,56
age,50,size,"1,257731",IQ,94,weight,85
age,40,size,"2,046832",IQ,99,weight,70
age,69,size,"1,604713",IQ,79,weight,98
age,67,size,"1,526024",IQ,56,weight,79
age,39,size,"1,41116",IQ,72,weight,68
age,64,size,"1,393975",IQ,99,weight,52
age,25,size,"1,450194",IQ,52,weight,93
age,55,size,"1,616166",IQ,74,weight,86
age,24,size,"1,280945",IQ,65,weight,59
age,51,size,"1,648872",IQ,53,weight,67
age,67,size,"1,94242",IQ,64,weight,84
age,66,size,"1,839376",IQ,115,weight,75
age,44,size,"1,679451",IQ,115,weight,118
age,53,size,"1,697163",IQ,54,weight,57
age,26,size,"1,91616",IQ,89,weight,80
age,31,size,"1,824106",IQ,76,weight,102
age,31,size,"1,808033",IQ,64,weight,105
age,31,size,"1,864914",IQ,58,weight,90
age,65,size,"1,493203",IQ,115,weight,96
age,44,size,"1,928005",IQ,60,weight,111
age,29,size,"1,49324",IQ,85,weight,61
age,40,size,"1,842729",IQ,98,weight,106
age,66,size,"1,763053",IQ,82,weight,87
age,60,size,"1,675045",IQ,88,weight,56
age,64,size,"2,091373",IQ,77,weight,59
age,58,size,"1,495322",IQ,81,weight,93
age,52,size,"1,733429",IQ,110,weight,77
age,35,size,"2,038933",IQ,66,weight,116
age,18,size,"1,354978",IQ,68,weight,110
age,52,size,"1,837309",IQ,111,weight,103
age,21,size,"1,890359",IQ,56,weight,69
age,23,size,"1,294234",IQ,95,weight,109
age,49,size,"1,47129",IQ,68,weight,101
age,53,size,"2,093734",IQ,77,weight,114
age,20,size,"1,27836",IQ,105,weight,74
age,33,size,"1,818937",IQ,110,weight,86
age,58,size,"2,035031",IQ,50,weight,83
age,55,size,"1,354194",IQ,79,weight,63
age,53,size,"1,962695",IQ,99,weight,57
age,54,size,"1,864577",IQ,94,weight,117
age,21,size,"1,582856",IQ,110,weight,82
age,25,size,"1,863858",IQ,89,weight,110
age,25,size,"1,889086",IQ,65,weight,88
age,66,size,"1,963251",IQ,117,weight,117
age,62,size,"1,956152",IQ,87,weight,113
age,37,size,"1,782347",IQ,111,weight,88
age,61,size,"1,395895",IQ,56,weight,100
age,66,size,"2,066423",IQ,118,weight,106
age,21,size,"1,317765",IQ,81,weight,64
age,56,size,"1,477543",IQ,78,weight,75
age,68,size,"1,682547",IQ,55,weight,74
age,25,size,"1,254358",IQ,106,weight,95
age,46,size,"1,908462",IQ,56,weight,80
age,20,size,"1,371029",IQ,83,weight,119
age,49,size,"1,696577",IQ,55,weight,84
age,49,size,"1,44763",IQ,108,weight,83
age,32,size,"1,377265",IQ,65,weight,100
age,41,size,"1,807387",IQ,119,weight,69
age,68,size,"1,805009",IQ,93,weight,104
age,43,size,"1,632239",IQ,95,weight,72
age,26,size,"1,688756",IQ,114,weight,52
age,55,size,"2,058745",IQ,83,weight,115
age,69,size,"1,36389",IQ,97,weight,70
age,51,size,"1,972018",IQ,96,weight,109
age,64,size,"2,02968",IQ,51,weight,88
age,38,size,"1,80376",IQ,53,weight,113
age,69,size,"2,063559",IQ,116,weight,101
age,35,size,"1,936621",IQ,92,weight,98
age,18,size,"1,441623",IQ,91,weight,88
age,47,size,"1,216707",IQ,94,weight,76
age,25,size,"1,66303",IQ,66,weight,117
age,34,size,"1,897783",IQ,72,weight,96
age,63,size,"1,831291",IQ,111,weight,61
age,61,size,"1,315314",IQ,59,weight,78
age,27,size,"1,520722",IQ,94,weight,89
age,22,size,"1,425071",IQ,59,weight,99
age,21,size,"1,647793",IQ,59,weight,50
age,25,size,"1,955082",IQ,119,weight,71
age,67,size,"1,790063",IQ,112,weight,116
age,33,size,"1,511857",IQ,117,weight,102
age,24,size,"1,823789",IQ,89,weight,119
age,31,size,"1,91086",IQ,105,weight,67
age,61,size,"1,653941",IQ,97,weight,115
age,20,size,"1,318365",IQ,50,weight,110
age,23,size,"1,420237",IQ,58,weight,94
age,43,size,"1,732244",IQ,60,weight,68
age,58,size,"1,941217",IQ,88,weight,116
age,24,size,"1,774573",IQ,66,weight,101
age,63,size,"1,541926",IQ,101,weight,91
age,63,size,"1,805978",IQ,60,weight,91
age,23,size,"1,687229",IQ,115,weight,96
age,18,size,"1,594939",IQ,65,weight,105
age,54,size,"1,812615",IQ,53,weight,110
age,59,size,"1,872258",IQ,58,weight,67
age,38,size,"2,067541",IQ,116,weight,112
age,18,size,"1,845693",IQ,116,weight,111
age,20,size,"1,760495",IQ,117,weight,55
age,22,size,"1,757382",IQ,105,weight,79
age,54,size,"1,426415",IQ,113,weight,76
age,20,size,"1,57257",IQ,75,weight,52
age,21,size,"1,929421",IQ,75,weight,66
age,37,size,"1,654329",IQ,85,weight,55
age,64,size,"1,487015",IQ,60,weight,96
age,25,size,"1,551486",IQ,56,weight,92
age,61,size,"1,593369",IQ,88,weight,105
age,57,size,"1,497663",IQ,69,weight,77
age,35,size,"1,359918",IQ,52,weight,94
age,41,size,"1,246823",IQ,50,weight,71
age,23,size,"1,833212",IQ,101,weight,103
age,27,size,"1,349217",IQ,60,weight,82
age,43,size,"1,363007",IQ,80,weight,98
age,39,size,"1,248847",IQ,50,weight,109
age,55,size,"1,92618",IQ,102,weight,105
age,49,size,"1,374665",IQ,86,weight,101
age,61,size,"1,513808",IQ,71,weight,103
age,44,size,"1,791894",IQ,106,weight,56
age,23,size,"1,654731",IQ,114,weight,105
age,44,size,"1,525077",IQ,104,weight,99
age,62,size,"1,922005",IQ,59,weight,50
age,36,size,"1,943045",IQ,109,weight,68
age,37,size,"1,809107",IQ,76,weight,51
age,28,size,"1,39887",IQ,114,weight,66
age,58,size,"1,999654",IQ,96,weight,90
age,37,size,"1,210615",IQ,117,weight,79
age,19,size,"1,812371",IQ,80,weight,69
age,49,size,"1,739865",IQ,71,weight,104
age,69,size,"1,691344",IQ,67,weight,54
age,56,size,"2,068937",IQ,114,weight,83
age,27,size,"1,673858",IQ,104,weight,76
age,63,size,"1,976248",IQ,83,weight,105
age,48,size,"1,559614",IQ,76,weight,99
age,23,size,"1,743005",IQ,72,weight,97
age,53,size,"1,689291",IQ,60,weight,109
age,37,size,"1,386515",IQ,105,weight,82
age,44,size,"1,386365",IQ,70,weight,59
age,65,size,"1,754381",IQ,81,weight,67
age,44,size,"2,010403",IQ,63,weight,83
age,25,size,"1,429854",IQ,67,weight,53
age,47,size,"1,732074",IQ,110,weight,73
age,48,size,"1,365268",IQ,71,weight,102
age,24,size,"2,082552",IQ,84,weight,58
age,19,size,"1,60407",IQ,72,weight,97
age,62,size,"1,525017",IQ,105,weight,101
age,22,size,"1,472162",IQ,112,weight,89
age,58,size,"2,024535",IQ,61,weight,83
age,46,size,"1,258125",IQ,103,weight,55
age,39,size,"1,691938",IQ,74,weight,92
age,34,size,"1,667654",IQ,86,weight,109
age,66,size,"2,090741",IQ,92,weight,68
age,53,size,"1,35863",IQ,80,weight,84
age,64,size,"1,40594",IQ,75,weight,116
age,67,size,"1,549283",IQ,50,weight,52
age,37,size,"1,235773",IQ,90,weight,115
age,43,size,"1,722301",IQ,103,weight,78
age,37,size,"1,83867",IQ,78,weight,97
age,36,size,"1,766697",IQ,94,weight,91
age,25,size,"1,765268",IQ,61,weight,84
age,67,size,"1,66547",IQ,50,weight,78
age,51,size,"1,755263",IQ,92,weight,88
age,55,size,"2,068187",IQ,71,weight,87
age,21,size,"1,460475",IQ,85,weight,84
age,27,size,"2,022856",IQ,56,weight,65
age,50,size,"1,608349",IQ,63,weight,68
age,61,size,"1,594135",IQ,56,weight,91
age,63,size,"1,880862",IQ,104,weight,52
age,27,size,"2,098075",IQ,90,weight,106
age,27,size,"1,246922",IQ,56,weight,54
age,42,size,"1,411999",IQ,115,weight,81
age,24,size,"1,3053",IQ,91,weight,54
age,18,size,"1,316806",IQ,98,weight,104
age,44,size,"1,321386",IQ,80,weight,92
age,55,size,"1,342368",IQ,104,weight,56
age,43,size,"1,678478",IQ,110,weight,59
age,50,size,"1,490913",IQ,114,weight,66
age,65,size,"1,254836",IQ,110,weight,78
age,68,size,"1,662134",IQ,113,weight,108
age,42,size,"1,451034",IQ,54,weight,55
age,25,size,"1,306625",IQ,82,weight,78
age,42,size,"1,981035",IQ,100,weight,74
age,33,size,"1,244217",IQ,86,weight,78
age,66,size,"1,363379",IQ,73,weight,52
age,23,size,"1,407138",IQ,77,weight,72
age,21,size,"1,576314",IQ,60,weight,113
age,30,size,"1,437983",IQ,82,weight,56
age,57,size,"1,85448",IQ,113,weight,108
age,25,size,"1,691593",IQ,69,weight,107
age,52,size,"1,83772",IQ,56,weight,107
age,28,size,"1,588223",IQ,61,weight,86
age,23,size,"2,089262",IQ,117,weight,111
age,32,size,"1,492524",IQ,51,weight,51
age,68,size,"2,027348",IQ,75,weight,115
age,49,size,"1,614118",IQ,83,weight,50
age,41,size,"1,314231",IQ,91,weight,64
age,42,size,"1,91513",IQ,110,weight,101
age,27,size,"1,683044",IQ,80,weight,52
age,42,size,"1,460756",IQ,94,weight,82
age,54,size,"1,791921",IQ,103,weight,86
age,57,size,"1,474053",IQ,101,weight,65
age,36,size,"1,742199",IQ,89,weight,112
age,38,size,"1,836084",IQ,58,weight,72
age,69,size,"2,016331",IQ,57,weight,115
age,47,size,"1,202233",IQ,109,weight,52
age,47,size,"2,004",IQ,73,weight,77
age,30,size,"1,49826",IQ,54,weight,93
age,31,size,"1,622373",IQ,92,weight,105
age,50,size,"1,437529",IQ,71,weight,52
age,31,size,"1,69919",IQ,64,weight,117
age,57,size,"1,703519",IQ,69,weight,60
age,55,size,"2,087179",IQ,114,weight,105
age,69,size,"1,74587",IQ,53,weight,87
age,40,size,"1,571868",IQ,118,weight,92
age,63,size,"2,0883",IQ,58,weight,84
age,46,size,"1,790305",IQ,62,weight,102
age,55,size,"1,719328",IQ,118,weight,101
age,40,size,"1,865917",IQ,99,weight,54
age,42,size,"2,018611",IQ,58,weight,118
age,61,size,"1,952649",IQ,93,weight,116
age,50,size,"1,778642",IQ,99,weight,96
age,69,size,"1,982286",IQ,80,weight,80
age,68,size,"2,018719",IQ,89,weight,93
age,26,size,"1,234641",IQ,96,weight,108
age,36,size,"1,987233",IQ,86,weight,88
age,25,size,"1,430542",IQ,116,weight,69
age,43,size,"1,855553",IQ,118,weight,99
age,41,size,"1,65186",IQ,65,weight,94
age,42,size,"1,834121",IQ,108,weight,94
age,31,size,"1,444607",IQ,99,weight,50
age,56,size,"1,428475",IQ,93,weight,91
age,36,size,"1,36432",IQ,53,weight,88
age,26,size,"1,60549",IQ,59,weight,68
age,58,size,"1,481949",IQ,92,weight,97
age,58,size,"1,717826",IQ,84,weight,67
age,46,size,"1,487965",IQ,118,weight,92
age,47,size,"1,783557",IQ,114,weight,85
age,65,size,"2,081462",IQ,59,weight,113
age,58,size,"1,995613",IQ,73,weight,107
age,19,size,"1,877843",IQ,72,weight,53
age,66,size,"1,515038",IQ,82,weight,114
age,66,size,"1,6285",IQ,88,weight,100
age,50,size,"2,004907",IQ,59,weight,73
age,48,size,"1,974985",IQ,118,weight,98
age,51,size,"1,475696",IQ,73,weight,50
age,34,size,"1,408127",IQ,92,weight,98
age,25,size,"1,674202",IQ,70,weight,78
age,33,size,"1,853226",IQ,96,weight,101
age,37,size,"1,226052",IQ,94,weight,50
age,20,size,"1,479496",IQ,83,weight,59
age,62,size,"1,223949",IQ,92,weight,71
age,48,size,"1,290166",IQ,112,weight,118
age,60,size,"1,282938",IQ,50,weight,83
age,18,size,"1,906552",IQ,79,weight,51
age,44,size,"2,062715",IQ,116,weight,83
age,53,size,"1,593276",IQ,113,weight,95
age,48,size,"1,365027",IQ,103,weight,69
age,42,size,"1,64195",IQ,75,weight,99
age,53,size,"1,419774",IQ,70,weight,77
age,34,size,"1,820913",IQ,80,weight,69
age,57,size,"1,341762",IQ,68,weight,106
age,60,size,"1,998016",IQ,103,weight,64
age,45,size,"1,784615",IQ,50,weight,73
age,32,size,"1,461849",IQ,106,weight,92
age,24,size,"2,034124",IQ,98,weight,73
age,53,size,"1,408259",IQ,88,weight,73
age,49,size,"1,75439",IQ,119,weight,100
age,27,size,"1,761943",IQ,79,weight,52
age,60,size,"1,761133",IQ,111,weight,94
age,61,size,"1,631042",IQ,119,weight,115
age,26,size,"1,35762",IQ,109,weight,118
age,37,size,"2,0924",IQ,69,weight,115
age,65,size,"1,881109",IQ,63,weight,83
age,39,size,"2,067399",IQ,100,weight,66
age,58,size,"1,311995",IQ,75,weight,98
age,41,size,"1,476445",IQ,69,weight,93
age,58,size,"1,350743",IQ,50,weight,54
age,44,size,"1,259525",IQ,112,weight,82
age,46,size,"2,083835",IQ,96,weight,61
age,35,size,"1,236179",IQ,103,weight,113
age,32,size,"1,234699",IQ,84,weight,105
age,56,size,"1,365013",IQ,75,weight,102
age,67,size,"1,394538",IQ,80,weight,87
age,40,size,"2,0146",IQ,53,weight,98
age,32,size,"1,941879",IQ,111,weight,108
age,37,size,"1,663612",IQ,59,weight,83
age,63,size,"1,219532",IQ,52,weight,78
age,62,size,"1,506027",IQ,113,weight,79
age,66,size,"1,994431",IQ,88,weight,70
age,52,size,"2,039942",IQ,77,weight,50
age,31,size,"1,784476",IQ,61,weight,54
age,62,size,"1,670353",IQ,113,weight,80
age,55,size,"1,217837",IQ,87,weight,111
age,42,size,"2,006404",IQ,57,weight,102
age,62,size,"1,753038",IQ,52,weight,109
age,29,size,"1,614429",IQ,95,weight,110
age,54,size,"1,763995",IQ,75,weight,82
age,45,size,"1,577974",IQ,69,weight,66
age,34,size,"1,602769",IQ,107,weight,69
age,23,size,"1,643342",IQ,97,weight,97
age,61,size,"2,077583",IQ,60,weight,116
age,69,size,"1,301529",IQ,66,weight,117
age,21,size,"2,069793",IQ,94,weight,104
age,36,size,"1,574883",IQ,64,weight,106
age,32,size,"1,304614",IQ,57,weight,98
age,25,size,"1,772708",IQ,82,weight,98
age,54,size,"1,279489",IQ,103,weight,102
age,35,size,"1,450412",IQ,115,weight,75
age,58,size,"1,778972",IQ,98,weight,51
age,68,size,"2,030931",IQ,58,weight,52
age,20,size,"2,056293",IQ,77,weight,117
age,46,size,"1,289114",IQ,92,weight,68
age,60,size,"1,935777",IQ,63,weight,100
age,53,size,"1,715471",IQ,55,weight,115
age,38,size,"1,852018",IQ,90,weight,74
age,43,size,"1,479266",IQ,58,weight,93
age,32,size,"1,974092",IQ,81,weight,53
age,43,size,"1,598233",IQ,59,weight,59
age,23,size,"1,710952",IQ,61,weight,97
age,25,size,"2,036777",IQ,115,weight,112
age,53,size,"1,966043",IQ,94,weight,72
age,24,size,"1,704557",IQ,89,weight,102
age,60,size,"1,749856",IQ,103,weight,70
age,57,size,"1,614334",IQ,107,weight,77
age,44,size,"1,291075",IQ,74,weight,73
age,42,size,"1,81204",IQ,74,weight,75
age,31,size,"1,698017",IQ,59,weight,98
age,55,size,"1,502313",IQ,79,weight,56
age,53,size,"1,483391",IQ,55,weight,106
age,62,size,"1,219073",IQ,67,weight,99
age,59,size,"1,950708",IQ,97,weight,118
age,42,size,"1,340016",IQ,94,weight,69
age,36,size,"1,631244",IQ,79,weight,111
age,32,size,"1,693463",IQ,56,weight,86
age,67,size,"1,418789",IQ,65,weight,70
age,29,size,"1,587384",IQ,100,weight,98
age,52,size,"1,268165",IQ,104,weight,109
age,40,size,"1,502067",IQ,51,weight,98
age,32,size,"1,28959",IQ,51,weight,88
age,31,size,"1,796562",IQ,114,weight,74
age,37,size,"1,383337",IQ,95,weight,85
age,62,size,"1,367146",IQ,87,weight,73
age,34,size,"1,814183",IQ,115,weight,53
age,27,size,"1,464613",IQ,102,weight,84
age,50,size,"1,62511",IQ,93,weight,53
age,60,size,"2,045134",IQ,91,weight,51
age,24,size,"2,093243",IQ,110,weight,64
age,36,size,"1,322616",IQ,80,weight,64
age,34,size,"1,959856",IQ,84,weight,56
age,42,size,"1,710865",IQ,80,weight,84
age,21,size,"1,626683",IQ,55,weight,105
age,41,size,"1,288751",IQ,110,weight,107
age,59,size,"1,584469",IQ,66,weight,82
age,47,size,"1,635385",IQ,113,weight,66
age,59,size,"1,966838",IQ,107,weight,53
age,46,size,"1,39305",IQ,70,weight,55
age,18,size,"1,601619",IQ,90,weight,105
age,36,size,"2,075505",IQ,55,weight,92
age,25,size,"1,948302",IQ,93,weight,93
age,26,size,"1,377254",IQ,83,weight,71
age,39,size,"1,666872",IQ,72,weight,81
age,19,size,"1,995416",IQ,108,weight,71
age,37,size,"1,652884",IQ,112,weight,87
age,56,size,"1,541743",IQ,56,weight,54
age,21,size,"1,662585",IQ,93,weight,57
age,35,size,"1,585848",IQ,106,weight,98
age,54,size,"1,652735",IQ,106,weight,109
age,40,size,"1,924883",IQ,74,weight,68
age,43,size,"1,547177",IQ,87,weight,80
age,34,size,"1,748145",IQ,73,weight,85
age,52,size,"1,451023",IQ,85,weight,83
age,22,size,"1,85826",IQ,112,weight,73
age,57,size,"1,543964",IQ,58,weight,78
age,37,size,"1,222894",IQ,114,weight,53
age,29,size,"1,678812",IQ,101,weight,81
age,41,size,"1,801007",IQ,90,weight,54
age,19,size,"2,01685",IQ,64,weight,116
age,38,size,"1,699835",IQ,67,weight,92
age,29,size,"1,246746",IQ,82,weight,91
age,28,size,"1,860747",IQ,97,weight,57
age,28,size,"1,564456",IQ,85,weight,80
age,24,size,"1,88175",IQ,109,weight,75
age,51,size,"2,005066",IQ,61,weight,83
age,43,size,"1,532483",IQ,88,weight,87
age,63,size,"1,415147",IQ,96,weight,113
age,46,size,"1,311891",IQ,51,weight,60
age,28,size,"1,907701",IQ,104,weight,63
age,42,size,"1,591686",IQ,74,weight,96
age,69,size,"1,253606",IQ,91,weight,99
age,45,size,"1,336108",IQ,86,weight,114
age,65,size,"1,353157",IQ,81,weight,118
age,24,size,"1,727689",IQ,105,weight,114
age,61,size,"1,547939",IQ,57,weight,118
age,42,size,"2,028228",IQ,66,weight,62
age,35,size,"1,900604",IQ,62,weight,116
age,66,size,"1,672202",IQ,60,weight,66
age,29,size,"1,368518",IQ,109,weight,84
age,63,size,"1,994613",IQ,95,weight,66
age,36,size,"2,029509",IQ,85,weight,102
age,49,size,"1,718559",IQ,88,weight,70
age,43,size,"1,274157",IQ,52,weight,91
age,38,size,"1,783258",IQ,106,weight,116
age,43,size,"1,931091",IQ,85,weight,56
age,31,size,"1,813574",IQ,103,weight,82
age,56,size,"1,508715",IQ,82,weight,92
age,22,size,"1,90136",IQ,56,weight,55
age,49,size,"1,234304",IQ,106,weight,85
age,21,size,"1,976442",IQ,91,weight,63
age,49,size,"1,599146",IQ,62,weight,108
age,31,size,"1,29567",IQ,63,weight,114
age,48,size,"1,351944",IQ,90,weight,96
age,52,size,"2,085936",IQ,77,weight,75
age,43,size,"1,793329",IQ,103,weight,110
age,32,size,"1,684308",IQ,116,weight,107
age,38,size,"1,595654",IQ,72,weight,116
age,53,size,"1,246978",IQ,92,weight,73
age,29,size,"1,259771",IQ,71,weight,78
age,53,size,"1,714457",IQ,92,weight,101
age,24,size,"1,206072",IQ,50,weight,106
age,29,size,"1,578793",IQ,76,weight,70
age,69,size,"1,31566",IQ,74,weight,60
age,57,size,"1,248509",IQ,79,weight,75
age,68,size,"1,209753",IQ,53,weight,76
age,68,size,"1,750975",IQ,102,weight,74
age,68,size,"1,363214",IQ,55,weight,80
age,68,size,"1,953357",IQ,109,weight,100
age,20,size,"2,091012",IQ,88,weight,85
